name,age,blood_group,city,available,last_donation_days,email,phone
Norma Fisher,24,O+,Delhi,0,259,rattiojas@example.org,9482953757.0
Eugene Bowman,55,A+,Bangalore,1,128,balendragoyal@example.org,9593887988.0
Sheri Bolton DDS,44,B+,Pune,1,106,zsheth@example.net,9393579220.0
Kelly Boyd,58,AB-,Hyderabad,0,142,pranav71@example.com,9175767994.0
Taylor Guzman,26,A+,Bangalore,1,32,gavinsankaran@example.org,9512313322.0
Jonathan Williams,44,AB-,Bangalore,0,301,lmahal@example.net,9705852292.0
Bob Stevenson,25,B-,Pune,0,166,rachit69@example.net,9711559872.0
Amanda Savage,23,AB-,Jaipur,1,267,azaan04@example.org,9800509366.0
Jennifer Smith,49,O-,Pune,1,59,andraanjali@example.org,9201581775.0
Daniel Green,39,A+,Mumbai,1,260,trivedirushil@example.com,9770532599.0
Mrs. Jennifer Kelley,48,AB+,Kolkata,1,338,ogulati@example.org,9546230446.0
Michael Moore,37,A-,Mumbai,1,80,krishmistry@example.org,9881852381.0
Austin Boyer,58,AB-,Bangalore,1,189,hayerhenry@example.com,9255079876.0
Miss Shelly Daniels DVM,54,A+,Pune,0,222,vrishtimahal@example.org,9053983108.0
Kathryn Berry,31,A-,Chennai,0,280,pcontractor@example.com,9597502118.0
Nicholas Cook,21,O+,Chennai,1,292,kavya33@example.com,9026934861.0
Taylor Santos,49,O-,Lucknow,0,304,vamakshinanda@example.com,9679117217.0
Crystal Frank,51,B-,Lucknow,0,50,gmurty@example.com,9785579228.0
Adam Mccann,36,AB-,Mumbai,0,101,vyanjana02@example.com,9009188652.0
Tina Fields,37,AB+,Chennai,0,234,faqidkar@example.net,9456529289.0
Jeremy Wood,39,A+,Ahmedabad,0,57,xmanda@example.net,9303813943.0
Mr. Aaron Hale,37,B+,Delhi,0,53,borahudarsh@example.net,9905666648.0
Jill Francis,58,O-,Hyderabad,0,326,qasimsarraf@example.net,9523391027.0
Richard French,60,O+,Bangalore,0,60,loganzacharia@example.com,9119125872.0
Marc Johnson,21,AB+,Pune,1,38,agole@example.org,9474596968.0
Gary Jackson,51,O-,Kolkata,1,204,icontractor@example.net,9348914007.0
Patrick Byrd,44,O+,Ahmedabad,0,51,nitesh12@example.com,9199477307.0
Gerald Garcia,27,B+,Jaipur,1,46,ubadal@example.com,9764358351.0
Amber Lamb,41,A+,Kolkata,0,73,varenyakaran@example.com,9026967978.0
Donna Weaver,60,AB+,Bangalore,1,165,thakkarwaida@example.net,9297932927.0
Mitchell Payne,34,A-,Hyderabad,0,131,rushilbhasin@example.com,9537053704.0
Rachael Hampton,38,A+,Mumbai,1,127,aadibhandari@example.net,9916226873.0
Samantha Floyd,48,B+,Bangalore,1,257,sibalsuhani@example.org,9278310086.0
Matthew Taylor,26,O+,Mumbai,0,99,theodoregaba@example.net,9420239569.0
Ronald Thompson,47,B-,Lucknow,0,344,upkaar49@example.net,9030582856.0
Paul Morgan,56,A-,Hyderabad,0,164,mchandran@example.org,9909693050.0
William Bonilla,20,AB+,Jaipur,0,149,zansikhare@example.org,9187923708.0
Jessica Peterson,18,B+,Pune,0,75,caleb90@example.com,9345520161.0
Richard Moody,24,O+,Ahmedabad,0,289,ganeshishani@example.net,9060821754.0
Jerome Manning,19,AB-,Jaipur,1,350,logan99@example.net,9769260467.0
Beth Page,49,B+,Mumbai,1,133,iyerprisha@example.net,9399061218.0
Eric Brown,53,AB+,Ahmedabad,0,99,pissac@example.org,9392401655.0
Jose Huang,31,B-,Mumbai,0,211,znagy@example.com,9291852885.0
Ryan Fields,53,AB+,Ahmedabad,1,248,ekajarajan@example.net,9877672671.0
Robert Lee,25,O+,Mumbai,0,187,achoudhury@example.net,9157117870.0
Tyler Ruiz,52,AB-,Jaipur,0,331,modydalbir@example.net,9391317117.0
David Perez,46,AB-,Pune,1,161,mohinishukla@example.com,9286039626.0
Keith Parks,19,AB+,Kolkata,0,290,aayush57@example.com,9036550549.0
Frank Yates,46,B+,Bangalore,1,77,qasimkunda@example.org,9115628456.0
Kevin Phillips,34,B+,Mumbai,1,160,upmabose@example.com,9103014339.0
Heather Macias,22,B+,Mumbai,1,294,maanav33@example.com,9296974241.0
Michele Walls,44,B+,Chennai,1,278,hkunda@example.net,9188440817.0
Kelly Franklin,39,B+,Bangalore,1,234,nandini03@example.net,9443911404.0
Jackson Turner,20,B+,Pune,0,199,balayrayaan@example.org,9385520007.0
Kristin Baxter,41,A-,Delhi,1,317,wkota@example.org,9617456112.0
Carl Osborne,42,A-,Hyderabad,1,56,shroffsathvik@example.org,9422880859.0
James Price,34,AB+,Ahmedabad,1,145,upadhriti36@example.com,9345874041.0
Aimee Nichols,59,AB-,Chennai,1,358,chandharshil@example.com,9112455347.0
Megan Davidson,34,B-,Pune,1,101,bthaman@example.org,9128276345.0
Samantha Boyer,60,B+,Ahmedabad,1,102,ayushman47@example.com,9159348102.0
Lynn Martinez,19,O-,Kolkata,0,231,omkaarbhat@example.org,9221446451.0
Linda Johnson,23,O+,Hyderabad,0,314,korpalluke@example.org,9345894869.0
Michelle Myers,26,A+,Kolkata,1,52,jacksonchacko@example.com,9018202029.0
Joshua Miller,31,B-,Hyderabad,1,164,brarrajeshri@example.org,9269977299.0
Deborah Davis,27,AB-,Bangalore,0,188,caleb54@example.com,9852105328.0
Robert Lopez,44,AB+,Bangalore,1,41,chakradhardeshpande@example.com,9201256211.0
Melissa Hayden MD,28,O-,Pune,0,302,rajagopalaneiravati@example.org,9586545733.0
Sharon Davis,23,AB-,Pune,1,141,braranvi@example.net,9797254361.0
Anthony Price,25,A+,Pune,1,290,parikhchakradev@example.com,9413968020.0
David Campbell,41,B-,Pune,0,57,yashodharadevi@example.net,9440809114.0
Kelly Schroeder,30,AB-,Mumbai,1,235,ndalia@example.net,9608291610.0
Natalie Hodge,45,A-,Kolkata,1,282,bhavanisant@example.com,9373621277.0
John Phillips,37,AB-,Pune,1,330,diptamerchant@example.org,9218650545.0
Terrence Rose,58,A-,Kolkata,1,118,jhalaklad@example.org,9711199457.0
Jeffrey Wilson,44,O+,Delhi,1,292,tsaha@example.net,9431822859.0
Mark Sims,59,B+,Delhi,0,151,kalarachit@example.net,9062555123.0
Ariel Duran,37,AB-,Pune,0,253,maanavmital@example.com,9003231816.0
Thomas Johnson,55,AB-,Lucknow,0,295,samuelbhandari@example.com,9738286667.0
Paula Walter,32,O+,Chennai,0,303,darajeet@example.net,9377328587.0
Kristen Stone,21,A-,Chennai,0,141,benjaminpingle@example.org,9782637605.0
Holly Sparks,54,A-,Lucknow,0,60,ychar@example.org,9232431682.0
Karen Barrett,55,O+,Pune,0,218,ranbir78@example.org,9312248593.0
Cynthia Morgan,25,O-,Chennai,0,344,harinakshi47@example.org,9924145400.0
Carla Grant,25,AB-,Kolkata,0,47,ijayazachariah@example.net,9657680617.0
Nicholas Carlson,37,AB-,Delhi,1,212,ganeshvinaya@example.com,9627950937.0
Kevin Bell,57,A-,Delhi,1,97,rajeshrichadha@example.org,9783403199.0
Jessica Shepard,21,A+,Kolkata,1,308,aadisangha@example.com,9205734309.0
Cassandra Jones,30,AB+,Pune,1,217,lohitnarayan@example.com,9921316949.0
David Davis,53,B-,Ahmedabad,0,86,wtara@example.org,9310732601.0
Randy Harris,40,B-,Lucknow,0,355,urvibutala@example.org,9132905079.0
Shawn Vincent,45,A-,Jaipur,0,188,jack39@example.net,9241127874.0
Lance Bell,55,B-,Mumbai,0,316,oandra@example.com,9563109211.0
Justin Bennett,53,O+,Ahmedabad,1,83,khari@example.org,9081089319.0
Brenda Werner,32,O-,Chennai,1,365,advikgoel@example.com,9264026644.0
Matthew Nelson,32,B+,Pune,0,97,jagvithaker@example.com,9411717906.0
Jared Franklin,27,B-,Mumbai,0,143,dattaonkar@example.net,9541090204.0
Kevin Downs,55,A-,Jaipur,1,164,ishaan25@example.com,9071545961.0
Craig Brooks,29,AB+,Ahmedabad,1,280,hrajagopal@example.com,9555886698.0
Alexis Martinez,31,O+,Bangalore,1,250,forum61@example.org,9678146852.0
Stephanie Morris,39,AB-,Pune,1,131,joshuakalita@example.net,9814520116.0
Jeffrey Stephens,24,O+,Delhi,0,259,rattiojas@example.org,9482953757.0
Michael Reynolds,55,A+,Bangalore,1,128,balendragoyal@example.org,9593887988.0
Cassidy Pena,44,B+,Pune,1,106,zsheth@example.net,9393579220.0
Timothy Schultz,58,AB-,Hyderabad,0,142,pranav71@example.com,9175767994.0
John Heath,26,A+,Bangalore,1,32,gavinsankaran@example.org,9512313322.0
Kathy Smith,44,AB-,Bangalore,0,301,lmahal@example.net,9705852292.0
Brian Lambert,25,B-,Pune,0,166,rachit69@example.net,9711559872.0
Carolyn Gonzalez,23,AB-,Jaipur,1,267,azaan04@example.org,9800509366.0
Sean Perez,49,O-,Pune,1,59,andraanjali@example.org,9201581775.0
Danielle Sanders DDS,39,A+,Mumbai,1,260,trivedirushil@example.com,9770532599.0
Allison Vasquez,48,AB+,Kolkata,1,338,ogulati@example.org,9546230446.0
Joseph Mcbride,37,A-,Mumbai,1,80,krishmistry@example.org,9881852381.0
Amanda Garcia,58,AB-,Bangalore,1,189,hayerhenry@example.com,9255079876.0
Robert Cole,54,A+,Pune,0,222,vrishtimahal@example.org,9053983108.0
Justin Alvarez,31,A-,Chennai,0,280,pcontractor@example.com,9597502118.0
Pamela Sims,21,O+,Chennai,1,292,kavya33@example.com,9026934861.0
Ana Moon,49,O-,Lucknow,0,304,vamakshinanda@example.com,9679117217.0
Joshua Whitaker,51,B-,Lucknow,0,50,gmurty@example.com,9785579228.0
Sarah Hubbard,36,AB-,Mumbai,0,101,vyanjana02@example.com,9009188652.0
Mark Velazquez,37,AB+,Chennai,0,234,faqidkar@example.net,9456529289.0
Samantha Mcfarland,39,A+,Ahmedabad,0,57,xmanda@example.net,9303813943.0
Brendan Freeman,37,B+,Delhi,0,53,borahudarsh@example.net,9905666648.0
Antonio Cooper,58,O-,Hyderabad,0,326,qasimsarraf@example.net,9523391027.0
Denise Campbell,60,O+,Bangalore,0,60,loganzacharia@example.com,9119125872.0
Tammy May,21,AB+,Pune,1,38,agole@example.org,9474596968.0
Jessica Singleton,51,O-,Kolkata,1,204,icontractor@example.net,9348914007.0
Tammy Jenkins,44,O+,Ahmedabad,0,51,nitesh12@example.com,9199477307.0
Jake Gardner,27,B+,Jaipur,1,46,ubadal@example.com,9764358351.0
Ricardo Barnett,41,A+,Kolkata,0,73,varenyakaran@example.com,9026967978.0
Christy Gonzalez,60,AB+,Bangalore,1,165,thakkarwaida@example.net,9297932927.0
Maria Warren,34,A-,Hyderabad,0,131,rushilbhasin@example.com,9537053704.0
Leah Lee,38,A+,Mumbai,1,127,aadibhandari@example.net,9916226873.0
Brady Donaldson,48,B+,Bangalore,1,257,sibalsuhani@example.org,9278310086.0
Timothy Murray,26,O+,Mumbai,0,99,theodoregaba@example.net,9420239569.0
Patrick Mills,47,B-,Lucknow,0,344,upkaar49@example.net,9030582856.0
Karen Gilbert,56,A-,Hyderabad,0,164,mchandran@example.org,9909693050.0
Greg Morris,20,AB+,Jaipur,0,149,zansikhare@example.org,9187923708.0
Emily Schultz,18,B+,Pune,0,75,caleb90@example.com,9345520161.0
Dr. Kathleen Frost,24,O+,Ahmedabad,0,289,ganeshishani@example.net,9060821754.0
Megan Larson,19,AB-,Jaipur,1,350,logan99@example.net,9769260467.0
Mary Giles,49,B+,Mumbai,1,133,iyerprisha@example.net,9399061218.0
Gregory Weber,53,AB+,Ahmedabad,0,99,pissac@example.org,9392401655.0
Rhonda Guerra,31,B-,Mumbai,0,211,znagy@example.com,9291852885.0
Anthony Scott,53,AB+,Ahmedabad,1,248,ekajarajan@example.net,9877672671.0
Kimberly Hamilton,25,O+,Mumbai,0,187,achoudhury@example.net,9157117870.0
Albert Roberts,52,AB-,Jaipur,0,331,modydalbir@example.net,9391317117.0
Dennis Lopez,46,AB-,Pune,1,161,mohinishukla@example.com,9286039626.0
Jason Hull,19,AB+,Kolkata,0,290,aayush57@example.com,9036550549.0
Judith Townsend,46,B+,Bangalore,1,77,qasimkunda@example.org,9115628456.0
Jeanette Summers,34,B+,Mumbai,1,160,upmabose@example.com,9103014339.0
Eduardo Shields,22,B+,Mumbai,1,294,maanav33@example.com,9296974241.0
Jeff Webb,44,B+,Chennai,1,278,hkunda@example.net,9188440817.0
Cheryl Morris,39,B+,Bangalore,1,234,nandini03@example.net,9443911404.0
Miguel Lewis,20,B+,Pune,0,199,balayrayaan@example.org,9385520007.0
David Williams,41,A-,Delhi,1,317,wkota@example.org,9617456112.0
Neil Weaver,42,A-,Hyderabad,1,56,shroffsathvik@example.org,9422880859.0
Janet Fisher,34,AB+,Ahmedabad,1,145,upadhriti36@example.com,9345874041.0
Sarah Wiggins,59,AB-,Chennai,1,358,chandharshil@example.com,9112455347.0
Regina Rivera,34,B-,Pune,1,101,bthaman@example.org,9128276345.0
Danielle Mills,60,B+,Ahmedabad,1,102,ayushman47@example.com,9159348102.0
Susan Johnson,19,O-,Kolkata,0,231,omkaarbhat@example.org,9221446451.0
Scott Johnson,23,O+,Hyderabad,0,314,korpalluke@example.org,9345894869.0
Tina Burke,26,A+,Kolkata,1,52,jacksonchacko@example.com,9018202029.0
Gary Brooks,31,B-,Hyderabad,1,164,brarrajeshri@example.org,9269977299.0
Jennifer Hoffman,27,AB-,Bangalore,0,188,caleb54@example.com,9852105328.0
Nicholas Cruz,44,AB+,Bangalore,1,41,chakradhardeshpande@example.com,9201256211.0
Cynthia Willis,28,O-,Pune,0,302,rajagopalaneiravati@example.org,9586545733.0
Kevin Norton,23,AB-,Pune,1,141,braranvi@example.net,9797254361.0
Melissa Mckay,25,A+,Pune,1,290,parikhchakradev@example.com,9413968020.0
Christine Morse,41,B-,Pune,0,57,yashodharadevi@example.net,9440809114.0
Stephanie Graham,30,AB-,Mumbai,1,235,ndalia@example.net,9608291610.0
Jerry Rivera,45,A-,Kolkata,1,282,bhavanisant@example.com,9373621277.0
Cody Jones,37,AB-,Pune,1,330,diptamerchant@example.org,9218650545.0
John Villegas,58,A-,Kolkata,1,118,jhalaklad@example.org,9711199457.0
Candice Walsh,44,O+,Delhi,1,292,tsaha@example.net,9431822859.0
David Rosales,59,B+,Delhi,0,151,kalarachit@example.net,9062555123.0
Joel Morgan,37,AB-,Pune,0,253,maanavmital@example.com,9003231816.0
Vanessa Sawyer,55,AB-,Lucknow,0,295,samuelbhandari@example.com,9738286667.0
Bradley Tucker,32,O+,Chennai,0,303,darajeet@example.net,9377328587.0
Nicole Li,21,A-,Chennai,0,141,benjaminpingle@example.org,9782637605.0
Melissa Floyd,54,A-,Lucknow,0,60,ychar@example.org,9232431682.0
Holly Davis,55,O+,Pune,0,218,ranbir78@example.org,9312248593.0
Katelyn Howell,25,O-,Chennai,0,344,harinakshi47@example.org,9924145400.0
Anthony Snyder,25,AB-,Kolkata,0,47,ijayazachariah@example.net,9657680617.0
Connie Robbins,37,AB-,Delhi,1,212,ganeshvinaya@example.com,9627950937.0
Courtney Martin,57,A-,Delhi,1,97,rajeshrichadha@example.org,9783403199.0
Travis Roberts,21,A+,Kolkata,1,308,aadisangha@example.com,9205734309.0
Angela Davis,30,AB+,Pune,1,217,lohitnarayan@example.com,9921316949.0
Christopher Schneider DDS,53,B-,Ahmedabad,0,86,wtara@example.org,9310732601.0
Candice Johnson,40,B-,Lucknow,0,355,urvibutala@example.org,9132905079.0
Ricardo Hines,45,A-,Jaipur,0,188,jack39@example.net,9241127874.0
Daniel Yang,55,B-,Mumbai,0,316,oandra@example.com,9563109211.0
Matthew Roberson,53,O+,Ahmedabad,1,83,khari@example.org,9081089319.0
Jeffrey Kennedy,32,O-,Chennai,1,365,advikgoel@example.com,9264026644.0
Daniel Mayer,32,B+,Pune,0,97,jagvithaker@example.com,9411717906.0
Jessica Torres,27,B-,Mumbai,0,143,dattaonkar@example.net,9541090204.0
Robert Lynch,55,A-,Jaipur,1,164,ishaan25@example.com,9071545961.0
Elizabeth Medina,29,AB+,Ahmedabad,1,280,hrajagopal@example.com,9555886698.0
Ronald Franklin,31,O+,Bangalore,1,250,forum61@example.org,9678146852.0
Tanya Hernandez,39,AB-,Pune,1,131,joshuakalita@example.net,9814520116.0
Wendy Ramos,24,O+,Delhi,0,259,rattiojas@example.org,9482953757.0
Dr. John Mccann,55,A+,Bangalore,1,128,balendragoyal@example.org,9593887988.0
Ronald Gibson,44,B+,Pune,1,106,zsheth@example.net,9393579220.0
Kayla Nolan,58,AB-,Hyderabad,0,142,pranav71@example.com,9175767994.0
Teresa Becker,26,A+,Bangalore,1,32,gavinsankaran@example.org,9512313322.0
Joseph Williams,44,AB-,Bangalore,0,301,lmahal@example.net,9705852292.0
Jesse Huerta,25,B-,Pune,0,166,rachit69@example.net,9711559872.0
Nicole Lawrence,23,AB-,Jaipur,1,267,azaan04@example.org,9800509366.0
Paul Anderson,49,O-,Pune,1,59,andraanjali@example.org,9201581775.0
Dana Miller,39,A+,Mumbai,1,260,trivedirushil@example.com,9770532599.0
Daniel Jensen,48,AB+,Kolkata,1,338,ogulati@example.org,9546230446.0
Carl Collins,37,A-,Mumbai,1,80,krishmistry@example.org,9881852381.0
Natalie Frost,58,AB-,Bangalore,1,189,hayerhenry@example.com,9255079876.0
Jesse Simmons,54,A+,Pune,0,222,vrishtimahal@example.org,9053983108.0
Morgan Duarte,31,A-,Chennai,0,280,pcontractor@example.com,9597502118.0
April Robinson,21,O+,Chennai,1,292,kavya33@example.com,9026934861.0
Renee Martin,49,O-,Lucknow,0,304,vamakshinanda@example.com,9679117217.0
Elizabeth Wallace,51,B-,Lucknow,0,50,gmurty@example.com,9785579228.0
Christian Martinez,36,AB-,Mumbai,0,101,vyanjana02@example.com,9009188652.0
Charles Andrews,37,AB+,Chennai,0,234,faqidkar@example.net,9456529289.0
Marcus Graves,39,A+,Ahmedabad,0,57,xmanda@example.net,9303813943.0
Beverly Mitchell,37,B+,Delhi,0,53,borahudarsh@example.net,9905666648.0
Leslie Hodge,58,O-,Hyderabad,0,326,qasimsarraf@example.net,9523391027.0
Perry Collins,60,O+,Bangalore,0,60,loganzacharia@example.com,9119125872.0
Emily Kennedy,21,AB+,Pune,1,38,agole@example.org,9474596968.0
Jacob Bryant,51,O-,Kolkata,1,204,icontractor@example.net,9348914007.0
Ashley Rogers,44,O+,Ahmedabad,0,51,nitesh12@example.com,9199477307.0
Craig Jones,27,B+,Jaipur,1,46,ubadal@example.com,9764358351.0
Steven Simmons,41,A+,Kolkata,0,73,varenyakaran@example.com,9026967978.0
Donna Sullivan,60,AB+,Bangalore,1,165,thakkarwaida@example.net,9297932927.0
Natasha Wade,34,A-,Hyderabad,0,131,rushilbhasin@example.com,9537053704.0
James Taylor,38,A+,Mumbai,1,127,aadibhandari@example.net,9916226873.0
Daniel Ortiz,48,B+,Bangalore,1,257,sibalsuhani@example.org,9278310086.0
Brandy Bender,26,O+,Mumbai,0,99,theodoregaba@example.net,9420239569.0
Mr. Chad Park,47,B-,Lucknow,0,344,upkaar49@example.net,9030582856.0
Craig Parker,56,A-,Hyderabad,0,164,mchandran@example.org,9909693050.0
Scott Powell,20,AB+,Jaipur,0,149,zansikhare@example.org,9187923708.0
Albert Gates,18,B+,Pune,0,75,caleb90@example.com,9345520161.0
Todd Johnson,24,O+,Ahmedabad,0,289,ganeshishani@example.net,9060821754.0
Scott Myers,19,AB-,Jaipur,1,350,logan99@example.net,9769260467.0
Todd Hernandez,49,B+,Mumbai,1,133,iyerprisha@example.net,9399061218.0
Darren Malone,53,AB+,Ahmedabad,0,99,pissac@example.org,9392401655.0
Gregory Hodges,31,B-,Mumbai,0,211,znagy@example.com,9291852885.0
Jennifer Thompson,53,AB+,Ahmedabad,1,248,ekajarajan@example.net,9877672671.0
Brian Edwards,25,O+,Mumbai,0,187,achoudhury@example.net,9157117870.0
Michael Edwards,52,AB-,Jaipur,0,331,modydalbir@example.net,9391317117.0
Joseph Lawson,46,AB-,Pune,1,161,mohinishukla@example.com,9286039626.0
Jason Walters,19,AB+,Kolkata,0,290,aayush57@example.com,9036550549.0
Martin Newman,46,B+,Bangalore,1,77,qasimkunda@example.org,9115628456.0
Stephanie Montgomery,34,B+,Mumbai,1,160,upmabose@example.com,9103014339.0
Gregory Miller,22,B+,Mumbai,1,294,maanav33@example.com,9296974241.0
Michael Howard,44,B+,Chennai,1,278,hkunda@example.net,9188440817.0
Christopher Johnson,39,B+,Bangalore,1,234,nandini03@example.net,9443911404.0
Haley Lawson,20,B+,Pune,0,199,balayrayaan@example.org,9385520007.0
Zachary Williams,41,A-,Delhi,1,317,wkota@example.org,9617456112.0
Bethany Parker,42,A-,Hyderabad,1,56,shroffsathvik@example.org,9422880859.0
Emma Murphy,34,AB+,Ahmedabad,1,145,upadhriti36@example.com,9345874041.0
Holly Barnes,59,AB-,Chennai,1,358,chandharshil@example.com,9112455347.0
Aaron Webster,34,B-,Pune,1,101,bthaman@example.org,9128276345.0
Joshua Taylor,60,B+,Ahmedabad,1,102,ayushman47@example.com,9159348102.0
Megan Rodriguez DDS,19,O-,Kolkata,0,231,omkaarbhat@example.org,9221446451.0
Alex Foley,23,O+,Hyderabad,0,314,korpalluke@example.org,9345894869.0
Dr. Keith Walters,26,A+,Kolkata,1,52,jacksonchacko@example.com,9018202029.0
Alicia Sharp,31,B-,Hyderabad,1,164,brarrajeshri@example.org,9269977299.0
Thomas Owen,27,AB-,Bangalore,0,188,caleb54@example.com,9852105328.0
Michele Peters,44,AB+,Bangalore,1,41,chakradhardeshpande@example.com,9201256211.0
Todd Brown,28,O-,Pune,0,302,rajagopalaneiravati@example.org,9586545733.0
Lauren Clarke,23,AB-,Pune,1,141,braranvi@example.net,9797254361.0
Timothy Williams,25,A+,Pune,1,290,parikhchakradev@example.com,9413968020.0
Adam Houston,41,B-,Pune,0,57,yashodharadevi@example.net,9440809114.0
Jessica West,30,AB-,Mumbai,1,235,ndalia@example.net,9608291610.0
Cindy Larson,45,A-,Kolkata,1,282,bhavanisant@example.com,9373621277.0
Jessica Phillips,37,AB-,Pune,1,330,diptamerchant@example.org,9218650545.0
Lisa Fletcher,58,A-,Kolkata,1,118,jhalaklad@example.org,9711199457.0
Jon Johnson,44,O+,Delhi,1,292,tsaha@example.net,9431822859.0
Ashley King MD,59,B+,Delhi,0,151,kalarachit@example.net,9062555123.0
Kathleen Arroyo,37,AB-,Pune,0,253,maanavmital@example.com,9003231816.0
Jill Richardson,55,AB-,Lucknow,0,295,samuelbhandari@example.com,9738286667.0
Alejandro Williams,32,O+,Chennai,0,303,darajeet@example.net,9377328587.0
John Mayer,21,A-,Chennai,0,141,benjaminpingle@example.org,9782637605.0
Robert Garza,54,A-,Lucknow,0,60,ychar@example.org,9232431682.0
Desiree Gonzales MD,55,O+,Pune,0,218,ranbir78@example.org,9312248593.0
Elizabeth Bailey,25,O-,Chennai,0,344,harinakshi47@example.org,9924145400.0
Evan Barron,25,AB-,Kolkata,0,47,ijayazachariah@example.net,9657680617.0
Edward Bush,37,AB-,Delhi,1,212,ganeshvinaya@example.com,9627950937.0
Carla Crawford,57,A-,Delhi,1,97,rajeshrichadha@example.org,9783403199.0
Cody Johnson,21,A+,Kolkata,1,308,aadisangha@example.com,9205734309.0
Allison Hayes,30,AB+,Pune,1,217,lohitnarayan@example.com,9921316949.0
Casey Phillips,53,B-,Ahmedabad,0,86,wtara@example.org,9310732601.0
Jason Monroe,40,B-,Lucknow,0,355,urvibutala@example.org,9132905079.0
Joseph Perez,45,A-,Jaipur,0,188,jack39@example.net,9241127874.0
Kathleen Colon DDS,55,B-,Mumbai,0,316,oandra@example.com,9563109211.0
Mary Morris,53,O+,Ahmedabad,1,83,khari@example.org,9081089319.0
Colin Sweeney,32,O-,Chennai,1,365,advikgoel@example.com,9264026644.0
Todd Smith,32,B+,Pune,0,97,jagvithaker@example.com,9411717906.0
April Campbell,27,B-,Mumbai,0,143,dattaonkar@example.net,9541090204.0
Scott Rose,55,A-,Jaipur,1,164,ishaan25@example.com,9071545961.0
Kelly Alvarez,29,AB+,Ahmedabad,1,280,hrajagopal@example.com,9555886698.0
Sara Richards,31,O+,Bangalore,1,250,forum61@example.org,9678146852.0
Craig Dennis,39,AB-,Pune,1,131,joshuakalita@example.net,9814520116.0
Michelle Brooks,24,O+,Delhi,0,259,rattiojas@example.org,9482953757.0
Erika Williams,55,A+,Bangalore,1,128,balendragoyal@example.org,9593887988.0
Robert Davis,44,B+,Pune,1,106,zsheth@example.net,9393579220.0
Amanda Williams,58,AB-,Hyderabad,0,142,pranav71@example.com,9175767994.0
Ashley Bridges,26,A+,Bangalore,1,32,gavinsankaran@example.org,9512313322.0
Sherri Sanchez,44,AB-,Bangalore,0,301,lmahal@example.net,9705852292.0
Janice Davis,25,B-,Pune,0,166,rachit69@example.net,9711559872.0
Frank Brown,23,AB-,Jaipur,1,267,azaan04@example.org,9800509366.0
Courtney Young,49,O-,Pune,1,59,andraanjali@example.org,9201581775.0
Meghan Mann,39,A+,Mumbai,1,260,trivedirushil@example.com,9770532599.0
Susan Jones,48,AB+,Kolkata,1,338,ogulati@example.org,9546230446.0
Christopher Brooks,37,A-,Mumbai,1,80,krishmistry@example.org,9881852381.0
Kenneth Marsh,58,AB-,Bangalore,1,189,hayerhenry@example.com,9255079876.0
Thomas Carter,54,A+,Pune,0,222,vrishtimahal@example.org,9053983108.0
Daniel Kirk,31,A-,Chennai,0,280,pcontractor@example.com,9597502118.0
Victoria Wade,21,O+,Chennai,1,292,kavya33@example.com,9026934861.0
Patrick Ingram,49,O-,Lucknow,0,304,vamakshinanda@example.com,9679117217.0
Corey Price,51,B-,Lucknow,0,50,gmurty@example.com,9785579228.0
Eric Barrett,36,AB-,Mumbai,0,101,vyanjana02@example.com,9009188652.0
Maria Reeves,37,AB+,Chennai,0,234,faqidkar@example.net,9456529289.0
Cheryl Parker,39,A+,Ahmedabad,0,57,xmanda@example.net,9303813943.0
John Simpson,37,B+,Delhi,0,53,borahudarsh@example.net,9905666648.0
Craig Bailey,58,O-,Hyderabad,0,326,qasimsarraf@example.net,9523391027.0
Lisa White,60,O+,Bangalore,0,60,loganzacharia@example.com,9119125872.0
Michael Jackson,21,AB+,Pune,1,38,agole@example.org,9474596968.0
Ronald Murphy,51,O-,Kolkata,1,204,icontractor@example.net,9348914007.0
James Gonzalez,44,O+,Ahmedabad,0,51,nitesh12@example.com,9199477307.0
Chase Morgan,27,B+,Jaipur,1,46,ubadal@example.com,9764358351.0
Michelle James,41,A+,Kolkata,0,73,varenyakaran@example.com,9026967978.0
Samantha Wilkinson,60,AB+,Bangalore,1,165,thakkarwaida@example.net,9297932927.0
Lisa Lopez,34,A-,Hyderabad,0,131,rushilbhasin@example.com,9537053704.0
Mrs. Laurie Archer,38,A+,Mumbai,1,127,aadibhandari@example.net,9916226873.0
Brian Gardner,48,B+,Bangalore,1,257,sibalsuhani@example.org,9278310086.0
Mr. Joshua Wilson,26,O+,Mumbai,0,99,theodoregaba@example.net,9420239569.0
John Johns,47,B-,Lucknow,0,344,upkaar49@example.net,9030582856.0
Christine Warren,56,A-,Hyderabad,0,164,mchandran@example.org,9909693050.0
Stephanie Myers,20,AB+,Jaipur,0,149,zansikhare@example.org,9187923708.0
Tanya Schneider,18,B+,Pune,0,75,caleb90@example.com,9345520161.0
Ashley Norton,24,O+,Ahmedabad,0,289,ganeshishani@example.net,9060821754.0
Carol King,19,AB-,Jaipur,1,350,logan99@example.net,9769260467.0
Timothy Harris,49,B+,Mumbai,1,133,iyerprisha@example.net,9399061218.0
Barbara Dalton,53,AB+,Ahmedabad,0,99,pissac@example.org,9392401655.0
Joseph Carter,31,B-,Mumbai,0,211,znagy@example.com,9291852885.0
Philip Richardson,53,AB+,Ahmedabad,1,248,ekajarajan@example.net,9877672671.0
Melissa Mack,25,O+,Mumbai,0,187,achoudhury@example.net,9157117870.0
Whitney Phillips,52,AB-,Jaipur,0,331,modydalbir@example.net,9391317117.0
Robert Leblanc,46,AB-,Pune,1,161,mohinishukla@example.com,9286039626.0
Sheila Jackson,19,AB+,Kolkata,0,290,aayush57@example.com,9036550549.0
Gloria Ibarra,46,B+,Bangalore,1,77,qasimkunda@example.org,9115628456.0
Christopher Johnson,34,B+,Mumbai,1,160,upmabose@example.com,9103014339.0
David Soto,22,B+,Mumbai,1,294,maanav33@example.com,9296974241.0
Holly White,44,B+,Chennai,1,278,hkunda@example.net,9188440817.0
Patrick Sanders,39,B+,Bangalore,1,234,nandini03@example.net,9443911404.0
Jeffery Lopez,20,B+,Pune,0,199,balayrayaan@example.org,9385520007.0
William Mcconnell,41,A-,Delhi,1,317,wkota@example.org,9617456112.0
Nathan Johns,42,A-,Hyderabad,1,56,shroffsathvik@example.org,9422880859.0
Daniel Shelton,34,AB+,Ahmedabad,1,145,upadhriti36@example.com,9345874041.0
Amber Taylor,59,AB-,Chennai,1,358,chandharshil@example.com,9112455347.0
Katherine Davis,34,B-,Pune,1,101,bthaman@example.org,9128276345.0
Alexander Mason,60,B+,Ahmedabad,1,102,ayushman47@example.com,9159348102.0
Jose Torres,19,O-,Kolkata,0,231,omkaarbhat@example.org,9221446451.0
Jeremy White,23,O+,Hyderabad,0,314,korpalluke@example.org,9345894869.0
Jose Jenkins,26,A+,Kolkata,1,52,jacksonchacko@example.com,9018202029.0
Sandra Rodriguez,31,B-,Hyderabad,1,164,brarrajeshri@example.org,9269977299.0
Rachel Lewis,27,AB-,Bangalore,0,188,caleb54@example.com,9852105328.0
Anthony Jenkins,44,AB+,Bangalore,1,41,chakradhardeshpande@example.com,9201256211.0
James Larsen,28,O-,Pune,0,302,rajagopalaneiravati@example.org,9586545733.0
Theodore Stanton,23,AB-,Pune,1,141,braranvi@example.net,9797254361.0
Daniel Barr,25,A+,Pune,1,290,parikhchakradev@example.com,9413968020.0
Laura Ford,41,B-,Pune,0,57,yashodharadevi@example.net,9440809114.0
Ryan Robertson,30,AB-,Mumbai,1,235,ndalia@example.net,9608291610.0
Nicholas Miller,45,A-,Kolkata,1,282,bhavanisant@example.com,9373621277.0
Stephen Bonilla,37,AB-,Pune,1,330,diptamerchant@example.org,9218650545.0
Sandra Diaz,58,A-,Kolkata,1,118,jhalaklad@example.org,9711199457.0
Caleb Smith,44,O+,Delhi,1,292,tsaha@example.net,9431822859.0
Charles White,59,B+,Delhi,0,151,kalarachit@example.net,9062555123.0
Teresa Owens,37,AB-,Pune,0,253,maanavmital@example.com,9003231816.0
Rebecca Elliott,55,AB-,Lucknow,0,295,samuelbhandari@example.com,9738286667.0
Donald Simpson,32,O+,Chennai,0,303,darajeet@example.net,9377328587.0
Jenna Blevins,21,A-,Chennai,0,141,benjaminpingle@example.org,9782637605.0
Lisa Ramos,54,A-,Lucknow,0,60,ychar@example.org,9232431682.0
Michael Hebert,55,O+,Pune,0,218,ranbir78@example.org,9312248593.0
Elizabeth Fisher,25,O-,Chennai,0,344,harinakshi47@example.org,9924145400.0
Misty Park,25,AB-,Kolkata,0,47,ijayazachariah@example.net,9657680617.0
Kenneth Peterson,37,AB-,Delhi,1,212,ganeshvinaya@example.com,9627950937.0
Samantha Singleton,57,A-,Delhi,1,97,rajeshrichadha@example.org,9783403199.0
Anna Terry,21,A+,Kolkata,1,308,aadisangha@example.com,9205734309.0
Rachael Smith,30,AB+,Pune,1,217,lohitnarayan@example.com,9921316949.0
Renee Sanchez,53,B-,Ahmedabad,0,86,wtara@example.org,9310732601.0
Barbara Green,40,B-,Lucknow,0,355,urvibutala@example.org,9132905079.0
Tanya Cruz,45,A-,Jaipur,0,188,jack39@example.net,9241127874.0
Ryan Taylor,55,B-,Mumbai,0,316,oandra@example.com,9563109211.0
Kenneth Brown,53,O+,Ahmedabad,1,83,khari@example.org,9081089319.0
Justin Kelley,32,O-,Chennai,1,365,advikgoel@example.com,9264026644.0
Daniel Mullins,32,B+,Pune,0,97,jagvithaker@example.com,9411717906.0
Morgan Williams,27,B-,Mumbai,0,143,dattaonkar@example.net,9541090204.0
Christopher Bass,55,A-,Jaipur,1,164,ishaan25@example.com,9071545961.0
Mrs. Alicia Ramirez MD,29,AB+,Ahmedabad,1,280,hrajagopal@example.com,9555886698.0
Kathryn Tapia,31,O+,Bangalore,1,250,forum61@example.org,9678146852.0
Holly Hubbard,39,AB-,Pune,1,131,joshuakalita@example.net,9814520116.0
Susan Johnson,24,O+,Delhi,0,259,rattiojas@example.org,9482953757.0
Mario Banks,55,A+,Bangalore,1,128,balendragoyal@example.org,9593887988.0
Nicole Walters,44,B+,Pune,1,106,zsheth@example.net,9393579220.0
Timothy Francis,58,AB-,Hyderabad,0,142,pranav71@example.com,9175767994.0
Linda Garcia,26,A+,Bangalore,1,32,gavinsankaran@example.org,9512313322.0
Brandon Huffman,44,AB-,Bangalore,0,301,lmahal@example.net,9705852292.0
Jose Ortiz,25,B-,Pune,0,166,rachit69@example.net,9711559872.0
James Kirk,23,AB-,Jaipur,1,267,azaan04@example.org,9800509366.0
Valerie Scott,49,O-,Pune,1,59,andraanjali@example.org,9201581775.0
Michael Goodman,39,A+,Mumbai,1,260,trivedirushil@example.com,9770532599.0
Brandon Monroe,48,AB+,Kolkata,1,338,ogulati@example.org,9546230446.0
Kristen Wagner,37,A-,Mumbai,1,80,krishmistry@example.org,9881852381.0
Jennifer Spence,58,AB-,Bangalore,1,189,hayerhenry@example.com,9255079876.0
Darryl Sutton,54,A+,Pune,0,222,vrishtimahal@example.org,9053983108.0
Savannah Cardenas,31,A-,Chennai,0,280,pcontractor@example.com,9597502118.0
Reginald Brown,21,O+,Chennai,1,292,kavya33@example.com,9026934861.0
Guy Zuniga,49,O-,Lucknow,0,304,vamakshinanda@example.com,9679117217.0
John Wright,51,B-,Lucknow,0,50,gmurty@example.com,9785579228.0
Maureen Bryant,36,AB-,Mumbai,0,101,vyanjana02@example.com,9009188652.0
Wendy Gomez,37,AB+,Chennai,0,234,faqidkar@example.net,9456529289.0
Cory Huff,39,A+,Ahmedabad,0,57,xmanda@example.net,9303813943.0
Michael Sweeney,37,B+,Delhi,0,53,borahudarsh@example.net,9905666648.0
Michael Sanchez,58,O-,Hyderabad,0,326,qasimsarraf@example.net,9523391027.0
Joshua Hinton,60,O+,Bangalore,0,60,loganzacharia@example.com,9119125872.0
Kathleen Clark,21,AB+,Pune,1,38,agole@example.org,9474596968.0
Paul Mcguire,51,O-,Kolkata,1,204,icontractor@example.net,9348914007.0
Margaret Roberts,44,O+,Ahmedabad,0,51,nitesh12@example.com,9199477307.0
Kimberly Wilson,27,B+,Jaipur,1,46,ubadal@example.com,9764358351.0
Alexis Mccall,41,A+,Kolkata,0,73,varenyakaran@example.com,9026967978.0
Samantha Buck,60,AB+,Bangalore,1,165,thakkarwaida@example.net,9297932927.0
Amy Johnson DDS,34,A-,Hyderabad,0,131,rushilbhasin@example.com,9537053704.0
Rachel Hull,38,A+,Mumbai,1,127,aadibhandari@example.net,9916226873.0
Michael Powell,48,B+,Bangalore,1,257,sibalsuhani@example.org,9278310086.0
Tonya Harvey,26,O+,Mumbai,0,99,theodoregaba@example.net,9420239569.0
Sylvia Thomas,47,B-,Lucknow,0,344,upkaar49@example.net,9030582856.0
Michael Burton,56,A-,Hyderabad,0,164,mchandran@example.org,9909693050.0
David Brown,20,AB+,Jaipur,0,149,zansikhare@example.org,9187923708.0
Renee Bonilla,18,B+,Pune,0,75,caleb90@example.com,9345520161.0
John Kline,24,O+,Ahmedabad,0,289,ganeshishani@example.net,9060821754.0
Amy Butler,19,AB-,Jaipur,1,350,logan99@example.net,9769260467.0
Donald Stewart,49,B+,Mumbai,1,133,iyerprisha@example.net,9399061218.0
Alex Barrett,53,AB+,Ahmedabad,0,99,pissac@example.org,9392401655.0
Jessica Gordon,31,B-,Mumbai,0,211,znagy@example.com,9291852885.0
Jason Mosley II,53,AB+,Ahmedabad,1,248,ekajarajan@example.net,9877672671.0
Lauren Wood,25,O+,Mumbai,0,187,achoudhury@example.net,9157117870.0
Kristi Powers,52,AB-,Jaipur,0,331,modydalbir@example.net,9391317117.0
Brian Porter,46,AB-,Pune,1,161,mohinishukla@example.com,9286039626.0
Philip Wagner,19,AB+,Kolkata,0,290,aayush57@example.com,9036550549.0
Eric Montgomery,46,B+,Bangalore,1,77,qasimkunda@example.org,9115628456.0
Alexandria Pugh,34,B+,Mumbai,1,160,upmabose@example.com,9103014339.0
Matthew Dickerson,22,B+,Mumbai,1,294,maanav33@example.com,9296974241.0
Leah Mendoza,44,B+,Chennai,1,278,hkunda@example.net,9188440817.0
Rose Khan,39,B+,Bangalore,1,234,nandini03@example.net,9443911404.0
Bryan Martinez,20,B+,Pune,0,199,balayrayaan@example.org,9385520007.0
Melissa Lee,41,A-,Delhi,1,317,wkota@example.org,9617456112.0
Patricia Livingston,42,A-,Hyderabad,1,56,shroffsathvik@example.org,9422880859.0
Austin Davis,34,AB+,Ahmedabad,1,145,upadhriti36@example.com,9345874041.0
Lisa Daniels,59,AB-,Chennai,1,358,chandharshil@example.com,9112455347.0
Vanessa Strong,34,B-,Pune,1,101,bthaman@example.org,9128276345.0
Yvonne Bridges,60,B+,Ahmedabad,1,102,ayushman47@example.com,9159348102.0
Joseph Koch,19,O-,Kolkata,0,231,omkaarbhat@example.org,9221446451.0
Christopher Cole,23,O+,Hyderabad,0,314,korpalluke@example.org,9345894869.0
Robert Campos,26,A+,Kolkata,1,52,jacksonchacko@example.com,9018202029.0
Thomas Kelley,31,B-,Hyderabad,1,164,brarrajeshri@example.org,9269977299.0
William Krueger,27,AB-,Bangalore,0,188,caleb54@example.com,9852105328.0
Nicholas Foster,44,AB+,Bangalore,1,41,chakradhardeshpande@example.com,9201256211.0
Lauren Miller,28,O-,Pune,0,302,rajagopalaneiravati@example.org,9586545733.0
Amanda Nelson,23,AB-,Pune,1,141,braranvi@example.net,9797254361.0
Rachel Petersen,25,A+,Pune,1,290,parikhchakradev@example.com,9413968020.0
Shannon Ramirez PhD,41,B-,Pune,0,57,yashodharadevi@example.net,9440809114.0
John Perez,30,AB-,Mumbai,1,235,ndalia@example.net,9608291610.0
Jeffrey Oconnell,45,A-,Kolkata,1,282,bhavanisant@example.com,9373621277.0
Kelly Barnett,37,AB-,Pune,1,330,diptamerchant@example.org,9218650545.0
James Graham,58,A-,Kolkata,1,118,jhalaklad@example.org,9711199457.0
Claire Santos,44,O+,Delhi,1,292,tsaha@example.net,9431822859.0
Donald Graves,59,B+,Delhi,0,151,kalarachit@example.net,9062555123.0
Peter Dougherty,37,AB-,Pune,0,253,maanavmital@example.com,9003231816.0
Brandon Lee,55,AB-,Lucknow,0,295,samuelbhandari@example.com,9738286667.0
Elizabeth Montoya,32,O+,Chennai,0,303,darajeet@example.net,9377328587.0
Henry Alvarado,21,A-,Chennai,0,141,benjaminpingle@example.org,9782637605.0
Laura Romero,54,A-,Lucknow,0,60,ychar@example.org,9232431682.0
David Rodriguez,55,O+,Pune,0,218,ranbir78@example.org,9312248593.0
Cynthia Simmons,25,O-,Chennai,0,344,harinakshi47@example.org,9924145400.0
Martin Sweeney,25,AB-,Kolkata,0,47,ijayazachariah@example.net,9657680617.0
Erin Ryan,37,AB-,Delhi,1,212,ganeshvinaya@example.com,9627950937.0
Thomas Johnson,57,A-,Delhi,1,97,rajeshrichadha@example.org,9783403199.0
Jesus Cross,21,A+,Kolkata,1,308,aadisangha@example.com,9205734309.0
Jennifer Robbins,30,AB+,Pune,1,217,lohitnarayan@example.com,9921316949.0
Edward Martin,53,B-,Ahmedabad,0,86,wtara@example.org,9310732601.0
David Meza,40,B-,Lucknow,0,355,urvibutala@example.org,9132905079.0
Robert Phillips,45,A-,Jaipur,0,188,jack39@example.net,9241127874.0
Keith Mcdowell,55,B-,Mumbai,0,316,oandra@example.com,9563109211.0
Emily Frederick,53,O+,Ahmedabad,1,83,khari@example.org,9081089319.0
Richard Thomas,32,O-,Chennai,1,365,advikgoel@example.com,9264026644.0
Troy Obrien,32,B+,Pune,0,97,jagvithaker@example.com,9411717906.0
Victoria Smith,27,B-,Mumbai,0,143,dattaonkar@example.net,9541090204.0
Mikayla Palmer,55,A-,Jaipur,1,164,ishaan25@example.com,9071545961.0
Luis Anderson,29,AB+,Ahmedabad,1,280,hrajagopal@example.com,9555886698.0
Michelle Carson,31,O+,Bangalore,1,250,forum61@example.org,9678146852.0
Wendy Cannon,39,AB-,Pune,1,131,joshuakalita@example.net,9814520116.0
Pravalika,20,O+,,1,0,,
Pravalika,17,O+,Hyderabad,1,0,,
